domain,feed,category,confidence,action,reason,review_basis,first_added
doubleclick.net,ads-high-confidence,ads,high,block,Dedicated Google ad delivery domain,general public/vendor knowledge,2026-05-14
googlesyndication.com,ads-high-confidence,ads,high,block,Dedicated Google ad serving/syndication domain,general public/vendor knowledge,2026-05-14
googleadservices.com,ads-high-confidence,ads,high,block,Dedicated Google ad click/service domain,general public/vendor knowledge,2026-05-14
adservice.google.com,ads-high-confidence,ads,high,block,Dedicated Google ad service host,general public/vendor knowledge,2026-05-14
pagead2.googlesyndication.com,ads-high-confidence,ads,high,block,Dedicated Google page ad host,general public/vendor knowledge,2026-05-14
mobileads.google.com,mobile-ad-sdk,mobile_ad_sdk,high,block,Google mobile ads endpoint,general public/vendor knowledge,2026-05-14
adnxs.com,ads-high-confidence,ads,high,block,Known ad exchange domain,general public/vendor knowledge,2026-05-14
criteo.com,ads-high-confidence,ads,high,block,Known advertising/retargeting platform,general public/vendor knowledge,2026-05-14
criteo.net,ads-high-confidence,ads,high,block,Known advertising/retargeting platform,general public/vendor knowledge,2026-05-14
openx.net,ads-high-confidence,ads,high,block,Known ad exchange platform,general public/vendor knowledge,2026-05-14
pubmatic.com,ads-high-confidence,ads,high,block,Known ad platform,general public/vendor knowledge,2026-05-14
rubiconproject.com,ads-high-confidence,ads,high,block,Known ad exchange platform,general public/vendor knowledge,2026-05-14
taboola.com,ads-high-confidence,ads,high,block,Known content recommendation advertising platform,general public/vendor knowledge,2026-05-14
outbrain.com,ads-high-confidence,ads,high,block,Known content recommendation advertising platform,general public/vendor knowledge,2026-05-14
revcontent.com,ads-high-confidence,ads,high,block,Known content recommendation advertising platform,general public/vendor knowledge,2026-05-14
mgid.com,ads-high-confidence,ads,high,block,Known native/content advertising platform,general public/vendor knowledge,2026-05-14
unityads.unity3d.com,mobile-ad-sdk,mobile_ad_sdk,high,block,Unity Ads monetization endpoint,official SDK/product documentation category,2026-05-14
unityads4.unity3d.com,mobile-ad-sdk,mobile_ad_sdk,high,block,Unity Ads monetization endpoint,official SDK/product documentation category,2026-05-14
config.unityads.unity3d.com,mobile-ad-sdk,mobile_ad_sdk,high,block,Unity Ads SDK configuration endpoint,official SDK/product documentation category,2026-05-14
webview.unityads.unity3d.com,mobile-ad-sdk,mobile_ad_sdk,high,block,Unity Ads webview/ad content endpoint,official SDK/product documentation category,2026-05-14
applovin.com,mobile-ad-sdk,mobile_ad_sdk,high,block,AppLovin mobile ad SDK/platform domain,official SDK/product documentation category,2026-05-14
applvn.com,mobile-ad-sdk,mobile_ad_sdk,high,block,AppLovin mobile ad SDK/platform domain,official SDK/product documentation category,2026-05-14
ms.applovin.com,mobile-ad-sdk,mobile_ad_sdk,high,block,AppLovin SDK/mediation endpoint,official SDK/product documentation category,2026-05-14
ms.applvn.com,mobile-ad-sdk,mobile_ad_sdk,high,block,AppLovin SDK/mediation endpoint,official SDK/product documentation category,2026-05-14
vungle.com,mobile-ad-sdk,mobile_ad_sdk,high,block,Vungle/Liftoff mobile ad platform domain,general public/vendor knowledge,2026-05-14
ads.vungle.com,mobile-ad-sdk,mobile_ad_sdk,high,block,Vungle ad delivery endpoint,general public/vendor knowledge,2026-05-14
api.vungle.com,mobile-ad-sdk,mobile_ad_sdk,high,block,Vungle SDK API endpoint,general public/vendor knowledge,2026-05-14
ironsrc.com,mobile-ad-sdk,mobile_ad_sdk,high,block,ironSource/LevelPlay mobile monetization domain,official SDK/product documentation category,2026-05-14
supersonicads.com,mobile-ad-sdk,mobile_ad_sdk,high,block,ironSource/Supersonic ad platform domain,official SDK/product documentation category,2026-05-14
mintegral.com,mobile-ad-sdk,mobile_ad_sdk,high,block,Mobile ad network domain,general public/vendor knowledge,2026-05-14
mintegral.net,mobile-ad-sdk,mobile_ad_sdk,high,block,Mobile ad network domain,general public/vendor knowledge,2026-05-14
inmobi.com,mobile-ad-sdk,mobile_ad_sdk,high,block,Mobile ad network domain,general public/vendor knowledge,2026-05-14
pangle.io,mobile-ad-sdk,mobile_ad_sdk,high,block,Mobile ad network domain,general public/vendor knowledge,2026-05-14
pangleglobal.com,mobile-ad-sdk,mobile_ad_sdk,high,block,Mobile ad network domain,general public/vendor knowledge,2026-05-14
tapjoy.com,mobile-ad-sdk,mobile_ad_sdk,high,block,Mobile ad/offerwall SDK domain,general public/vendor knowledge,2026-05-14
chartboost.com,mobile-ad-sdk,mobile_ad_sdk,high,block,Mobile ad SDK domain,general public/vendor knowledge,2026-05-14
adcolony.com,mobile-ad-sdk,mobile_ad_sdk,high,block,Mobile ad SDK domain,general public/vendor knowledge,2026-05-14
smaato.net,mobile-ad-sdk,mobile_ad_sdk,high,block,Mobile ad exchange domain,general public/vendor knowledge,2026-05-14
adjust.com,trackers-high-confidence,attribution,high,block,Mobile attribution/measurement SDK domain,official SDK/product documentation category,2026-05-14
app.adjust.com,trackers-high-confidence,attribution,high,block,Adjust attribution SDK endpoint,official SDK/product documentation category,2026-05-14
appsflyer.com,trackers-high-confidence,attribution,high,block,Mobile attribution/measurement SDK domain,official SDK/product documentation category,2026-05-14
cdn.appsflyer.com,trackers-high-confidence,attribution,high,block,AppsFlyer SDK/support endpoint,official SDK/product documentation category,2026-05-14
branch.io,trackers-high-confidence,attribution,high,block,Mobile deep-link/attribution SDK domain,official SDK/product documentation category,2026-05-14
api2.branch.io,trackers-high-confidence,attribution,high,block,Branch SDK API endpoint,official SDK/product documentation category,2026-05-14
kochava.com,trackers-high-confidence,attribution,high,block,Mobile measurement/attribution SDK domain,official SDK/product documentation category,2026-05-14
singular.net,trackers-high-confidence,attribution,high,block,Mobile measurement/attribution SDK domain,official SDK/product documentation category,2026-05-14
tenjin.io,trackers-high-confidence,attribution,high,block,Mobile attribution SDK domain,general public/vendor knowledge,2026-05-14
amplitude.com,trackers-high-confidence,analytics,high,block,Product analytics platform domain,general public/vendor knowledge,2026-05-14
mixpanel.com,trackers-high-confidence,analytics,high,block,Product analytics platform domain,general public/vendor knowledge,2026-05-14
segment.com,trackers-high-confidence,analytics,high,block,Customer data/analytics platform domain,general public/vendor knowledge,2026-05-14
segment.io,trackers-high-confidence,analytics,high,block,Customer data/analytics platform domain,general public/vendor knowledge,2026-05-14
flurry.com,trackers-high-confidence,analytics,high,block,Mobile analytics platform domain,general public/vendor knowledge,2026-05-14
scorecardresearch.com,trackers-high-confidence,analytics,high,block,Audience measurement domain,general public/vendor knowledge,2026-05-14
quantserve.com,trackers-high-confidence,analytics,high,block,Audience measurement domain,general public/vendor knowledge,2026-05-14
hotjar.com,trackers-high-confidence,analytics,high,block,Web analytics/session behavior platform,general public/vendor knowledge,2026-05-14
cloudflare-dns.com,doh-resolvers,doh,high,block_when_advanced,Known public DoH resolver host,public resolver documentation/general knowledge,2026-05-14
dns.google,doh-resolvers,doh,high,block_when_advanced,Known public DoH resolver host,public resolver documentation/general knowledge,2026-05-14
dns.nextdns.io,doh-resolvers,doh,high,block_when_advanced,Known public DoH resolver host,public resolver documentation/general knowledge,2026-05-14
dns.quad9.net,doh-resolvers,doh,high,block_when_advanced,Known public DoH resolver host,public resolver documentation/general knowledge,2026-05-14
dns.adguard.com,doh-resolvers,doh,high,block_when_advanced,Known public DoH resolver host,public resolver documentation/general knowledge,2026-05-14
accounts.google.com,sensitive-allowlist,sensitive,high,protect_from_auto_block,Authentication domain,sensitive service category,2026-05-14
oauth2.googleapis.com,sensitive-allowlist,sensitive,high,protect_from_auto_block,Authentication/API domain,sensitive service category,2026-05-14
fcm.googleapis.com,sensitive-allowlist,sensitive,high,protect_from_auto_block,Push notification domain,sensitive service category,2026-05-14
play.googleapis.com,sensitive-allowlist,sensitive,high,protect_from_auto_block,Google Play service/API domain,sensitive service category,2026-05-14
paypal.com,sensitive-allowlist,sensitive,high,protect_from_auto_block,Payment domain,sensitive service category,2026-05-14
paypay.ne.jp,sensitive-allowlist,sensitive,high,protect_from_auto_block,Payment domain,sensitive service category,2026-05-14
kvinit-prod.api.kochava.com,trackers-high-confidence,attribution,high,block,Kochava SDK initialization/API endpoint,official SDK/product documentation category,2026-05-14
imp.control.kochava.com,trackers-high-confidence,attribution,high,block,Kochava measurement/control endpoint,official SDK/product documentation category,2026-05-14
i.singular.net,trackers-high-confidence,attribution,high,block,Singular attribution endpoint,official SDK/product documentation category,2026-05-14
sdk-api-v1.singular.net,trackers-high-confidence,attribution,high,block,Singular SDK API endpoint,official SDK/product documentation category,2026-05-14
analytics.tenjin.io,trackers-high-confidence,attribution,high,block,Tenjin attribution/analytics endpoint,general public/vendor knowledge,2026-05-14
api2.amplitude.com,trackers-high-confidence,analytics,high,block,Amplitude analytics API endpoint,general public/vendor knowledge,2026-05-14
decide.mixpanel.com,trackers-high-confidence,analytics,high,block,Mixpanel feature/analytics endpoint,general public/vendor knowledge,2026-05-14
api.bidmachine.io,mobile-ad-sdk,mobile_ad_sdk,high,block,BidMachine mobile ad SDK API endpoint,official SDK/product documentation category,2026-05-14
server.bidmachine.io,mobile-ad-sdk,mobile_ad_sdk,high,block,BidMachine mobile ad SDK server endpoint,official SDK/product documentation category,2026-05-14
api.hyprmx.com,mobile-ad-sdk,mobile_ad_sdk,high,block,HyprMX mobile ad SDK API endpoint,general public/vendor knowledge,2026-05-14
ads.hyprmx.com,mobile-ad-sdk,mobile_ad_sdk,high,block,HyprMX mobile ad serving endpoint,general public/vendor knowledge,2026-05-14
ad.maio.jp,mobile-ad-sdk,mobile_ad_sdk,high,block,maio mobile ad delivery endpoint,general public/vendor knowledge,2026-05-14
api.adfurikun.jp,mobile-ad-sdk,mobile_ad_sdk,high,block,Adfurikun mobile ad SDK/API endpoint,general public/vendor knowledge,2026-05-14
ad.ad-stir.com,mobile-ad-sdk,mobile_ad_sdk,high,block,AdStir mobile ad delivery endpoint,general public/vendor knowledge,2026-05-14
d.ad-generation.jp,mobile-ad-sdk,mobile_ad_sdk,high,block,Ad Generation ad delivery endpoint,general public/vendor knowledge,2026-05-14
ad.fluct.jp,mobile-ad-sdk,mobile_ad_sdk,high,block,fluct ad delivery endpoint,general public/vendor knowledge,2026-05-14
js.genieesspv.jp,mobile-ad-sdk,mobile_ad_sdk,high,block,Geniee SSP ad script/serving endpoint,general public/vendor knowledge,2026-05-14
ad.zucks.net,mobile-ad-sdk,mobile_ad_sdk,high,block,Zucks mobile ad network delivery endpoint,public company/service information,2026-05-14
spad.i-mobile.co.jp,mobile-ad-sdk,mobile_ad_sdk,high,block,i-mobile smartphone ad delivery endpoint,public company/service information,2026-05-14
ad.i-mobile.co.jp,mobile-ad-sdk,mobile_ad_sdk,high,block,i-mobile smartphone ad delivery endpoint,public company/service information,2026-05-14
graph.facebook.com,sensitive-allowlist,sensitive,high,protect_from_auto_block,Facebook Graph API/social login endpoint,sensitive service category,2026-05-14
linecorp.com,sensitive-allowlist,sensitive,high,protect_from_auto_block,LINE platform/company domain used by login integrations,sensitive service category,2026-05-14
amazon-adsystem.com,mobile-ad-sdk,ads,high,block,Amazon advertising system domain validated during EC/browser testing,real-device phase 2 review,2026-05-15
aax.amazon-adsystem.com,mobile-ad-sdk,ads,high,block,Amazon ad exchange endpoint validated during EC/browser testing,real-device phase 2 review,2026-05-15
yads.c.yimg.jp,ads-high-confidence,ads,high,block,Yahoo Japan ad delivery host repeatedly observed in real-device browser testing,real-device phase 3 review,2026-05-16
js.hs-analytics.net,cautious-block,analytics,medium,block,HubSpot analytics script host observed in real-device browser testing,cautious phase 3 review,2026-05-16
www.clarity.ms,cautious-block,analytics,medium,block,Microsoft Clarity analytics endpoint observed as an unblocked candidate during Phase 5.1 browsing,cautious phase 5.1 review,2026-05-16
scripts.clarity.ms,cautious-block,analytics,medium,block,Microsoft Clarity script endpoint observed as an unblocked candidate during Phase 5.1 browsing,cautious phase 5.1 review,2026-05-16
b.clarity.ms,cautious-block,analytics,medium,block,Microsoft Clarity beacon endpoint observed as an unblocked candidate during Phase 5.1 browsing,cautious phase 5.1 review,2026-05-16
api.repro.io,cautious-block,analytics,medium,block,Repro analytics/user-profile API endpoint,official SDK/product documentation category,2026-05-14
api.karte.io,cautious-block,analytics,medium,block,KARTE app analytics / engagement API endpoint,official SDK/product documentation category,2026-05-15
sentry.io,cautious-block,analytics,medium,block,Sentry error reporting platform domain,official SDK/product documentation category,2026-05-15
ingest.sentry.io,cautious-block,analytics,medium,block,Sentry SDK ingest endpoint,official SDK/product documentation category,2026-05-15
notify.bugsnag.com,cautious-block,analytics,medium,block,BugSnag error reporting endpoint,official SDK/product documentation category,2026-05-15
sessions.bugsnag.com,cautious-block,analytics,medium,block,BugSnag session reporting endpoint,official SDK/product documentation category,2026-05-15
browser-intake-datadoghq.com,cautious-block,analytics,medium,block,Datadog RUM/mobile intake endpoint,official SDK/product documentation category,2026-05-15
http-intake.logs.datadoghq.com,cautious-block,analytics,medium,block,Datadog log intake endpoint,official SDK/product documentation category,2026-05-15
http-encrypted-intake.logs.datadoghq.com,cautious-block,analytics,medium,block,Datadog encrypted log intake endpoint,official SDK/product documentation category,2026-05-15
app-measurement.com,cautious-block,analytics,medium,block,Google app measurement endpoint can affect site/app behavior when blocked aggressively,real-device breakage mitigation review,2026-05-15
google-analytics.com,cautious-block,analytics,medium,block,Analytics endpoint moved to cautious tier to reduce access breakage,real-device breakage mitigation review,2026-05-15
googletagmanager.com,cautious-block,analytics,medium,block,Tag manager endpoint moved to cautious tier because some sites depend on it for page behavior,real-device breakage mitigation review,2026-05-15
imp-adedge.i-mobile.co.jp,mobile-ad-sdk,mobile_ad_sdk,high,block,i-mobile impression/ad edge endpoint observed during real-device browsing,real-device manual diff review,2026-05-16
imp-bidapi.i-mobile.co.jp,mobile-ad-sdk,mobile_ad_sdk,high,block,i-mobile bid API endpoint observed during real-device browsing,real-device manual diff review,2026-05-16
spnativeapi-tls.i-mobile.co.jp,mobile-ad-sdk,mobile_ad_sdk,high,block,i-mobile native ad API endpoint observed during real-device browsing,real-device manual diff review,2026-05-16
spvideo.i-mobile.co.jp,mobile-ad-sdk,mobile_ad_sdk,high,block,i-mobile video ad endpoint observed during real-device browsing,real-device manual diff review,2026-05-16
cs.fluctssp.smt.docomo.ne.jp,mobile-ad-sdk,mobile_ad_sdk,high,block,Fluct SSP ad endpoint observed during real-device browsing,real-device manual diff review,2026-05-16
smartnews-ads.com,ads-high-confidence,ads,high,block,SmartNews Ads domain observed during real-device browsing,real-device manual diff review,2026-05-16
cdn.smartnews-ads.com,ads-high-confidence,ads,high,block,SmartNews Ads CDN endpoint observed during real-device browsing,real-device manual diff review,2026-05-16
i.smartnews-ads.com,ads-high-confidence,ads,high,block,SmartNews Ads delivery endpoint observed during real-device browsing,real-device manual diff review,2026-05-16
i6.smartnews-ads.com,ads-high-confidence,ads,high,block,SmartNews Ads delivery endpoint observed during real-device browsing,real-device manual diff review,2026-05-16
ads.pagesix.com,ads-high-confidence,ads,high,block,Page Six ad host observed during real-device browsing,real-device manual diff review,2026-05-16
kueezrtb.com,ads-high-confidence,ads,high,block,Kueez RTB advertising platform domain observed during real-device browsing,real-device manual diff review,2026-05-16
gtrack.kueezrtb.com,ads-high-confidence,ads,high,block,Kueez RTB tracking endpoint observed during real-device browsing,real-device manual diff review,2026-05-16
otrack.kueezrtb.com,ads-high-confidence,ads,high,block,Kueez RTB tracking endpoint observed during real-device browsing,real-device manual diff review,2026-05-16
track.kueezrtb.com,ads-high-confidence,ads,high,block,Kueez RTB tracking endpoint observed during real-device browsing,real-device manual diff review,2026-05-16
static.ads-twitter.com,ads-high-confidence,ads,high,block,X/Twitter ads static host observed during real-device browsing,real-device manual diff review,2026-05-16
analytics.tiktok.com,trackers-high-confidence,analytics,high,block,TikTok analytics endpoint observed during real-device browsing,real-device manual diff review,2026-05-16
ups.analytics.yahoo.com,trackers-high-confidence,analytics,high,block,Yahoo analytics endpoint observed during real-device browsing,real-device manual diff review,2026-05-16
sdk.n-analytics.io,cautious-block,analytics,medium,block,Analytics SDK endpoint observed frequently during real-device browsing,cautious manual diff review,2026-05-16
mybbc-analytics.files.bbci.co.uk,cautious-block,analytics,medium,block,BBC analytics asset endpoint observed during real-device browsing,cautious manual diff review,2026-05-16
cdn.actagtracker.jp,cautious-block,analytics,medium,block,Tracking-tag CDN endpoint observed during real-device browsing,cautious manual diff review,2026-05-16
pixel.wp.com,cautious-block,analytics,medium,block,WordPress pixel endpoint observed during real-device browsing,cautious manual diff review,2026-05-16
ms-ads-monitoring-events.presage.io,cautious-block,analytics,medium,block,Ad monitoring event endpoint observed during real-device browsing,cautious manual diff review,2026-05-16
adtrack.adleadevent.com,cautious-block,analytics,medium,block,Ad lead tracking endpoint observed during real-device browsing,cautious manual diff review,2026-05-16
track.amebame.com,cautious-block,analytics,medium,block,Ameba tracking endpoint observed during real-device browsing,cautious manual diff review,2026-05-16
v2.pixel.newscgp.com,cautious-block,analytics,medium,block,Pixel tracking endpoint observed during real-device browsing,cautious manual diff review,2026-05-16
y.one.impact-ad.jp,cautious-block,ads,medium,block,Impact ad endpoint observed during real-device browsing,cautious manual diff review,2026-05-16
img.ak.impact-ad.jp,cautious-block,ads,medium,block,Impact ad image endpoint observed during real-device browsing,cautious manual diff review,2026-05-16
analytics-ipv6.tiktokw.us,cautious-block,analytics,medium,block,TikTok-like analytics endpoint observed during real-device browsing,cautious manual diff review,2026-05-16
